{
	"IcoMoonType": "selection",
	"icons": [
		{
			"icon": {
				"paths": [
					"M814.176 512c39.527 0 73.888-27.166 83.001-65.639l67.166-283.445c13.472-53.86-27.252-106.027-82.75-106.027h-767.668c-31.388 0-56.86 25.472-56.86 56.889s25.472 56.889 56.86 56.889h56.889v483.556c0 47.14 38.194 85.333 85.278 85.333h597.111c31.417 0 56.86-25.472 56.86-56.889s-25.444-56.889-56.86-56.889h-568.667v-113.778h529.639zM284.537 170.667h561.083l-53.916 227.556h-507.166v-227.556zM312.981 796.444c-47.111 0-85.305 38.194-85.305 85.333s38.194 85.333 85.305 85.333 85.305-38.194 85.305-85.333-38.194-85.333-85.305-85.333zM767.897 796.444c-47.111 0-85.278 38.194-85.278 85.333s38.167 85.333 85.278 85.333 85.305-38.194 85.305-85.333-38.194-85.333-85.305-85.333z"
				],
				"attrs": [
					{}
				],
				"isMulticolor": false,
				"tags": [
					"cart"
				],
				"grid": 18
			},
			"attrs": [
				{}
			],
			"properties": {
				"id": 38,
				"order": 10,
				"prevSize": 18,
				"code": 59653,
				"name": "cart"
			},
			"setIdx": 0,
			"setId": 1,
			"iconIdx": 37
		},
		{
			"icon": {
				"paths": [
					"M64 320l320 320v192l256 192c0 0-56.652-203.416-30.084-322.066l414.084 322.066-328.144-421.902c134.654-58.838 328.144 37.902 328.144 37.902l-192-256h-192l-320-320-320-64 64 320z"
				],
				"attrs": [],
				"isMulticolor": false,
				"tags": [
					"rocket",
					"jet",
					"speed",
					"spaceship",
					"fast"
				],
				"grid": 16
			},
			"attrs": [],
			"properties": {
				"order": 9,
				"id": 491,
				"prevSize": 32,
				"code": 59648,
				"name": "rocket"
			},
			"setIdx": 1,
			"setId": 0,
			"iconIdx": 165
		},
		{
			"icon": {
				"paths": [
					"M576 736.014c0-8.908 3.698-17.77 10.928-24.096l228.478-199.918-228.478-199.918c-13.3-11.636-14.65-31.856-3.010-45.154 11.638-13.3 31.854-14.648 45.154-3.010l256 224c6.944 6.076 10.928 14.854 10.928 24.082s-3.984 18.006-10.928 24.082l-256 224c-13.3 11.638-33.516 10.292-45.154-3.010-5.312-6.070-7.918-13.582-7.918-21.058z"
				],
				"attrs": [],
				"isMulticolor": false,
				"tags": [
					"ctrl",
					"control"
				],
				"grid": 16
			},
			"attrs": [],
			"properties": {
				"order": 6,
				"id": 492,
				"prevSize": 32,
				"code": 59649,
				"name": "ctrl-right"
			},
			"setIdx": 1,
			"setId": 0,
			"iconIdx": 337
		},
		{
			"icon": {
				"paths": [
					"M287.986 576c8.908 0 17.77 3.698 24.096 10.928l199.918 228.478 199.918-228.478c11.636-13.3 31.856-14.65 45.154-3.010 13.3 11.638 14.648 31.854 3.010 45.154l-224 256c-6.076 6.944-14.854 10.928-24.082 10.928s-18.006-3.984-24.082-10.928l-224-256c-11.638-13.3-10.292-33.516 3.010-45.154 6.070-5.312 13.582-7.918 21.058-7.918z"
				],
				"attrs": [],
				"isMulticolor": false,
				"tags": [
					"ctrl",
					"control"
				],
				"grid": 16
			},
			"attrs": [],
			"properties": {
				"order": 5,
				"id": 493,
				"prevSize": 32,
				"code": 59650,
				"name": "ctrl-down"
			},
			"setIdx": 1,
			"setId": 0,
			"iconIdx": 338
		},
		{
			"icon": {
				"paths": [
					"M448 287.986c0 8.908-3.698 17.77-10.928 24.096l-228.478 199.918 228.478 199.918c13.3 11.636 14.65 31.856 3.010 45.154-11.638 13.3-31.854 14.648-45.154 3.010l-256-224c-6.944-6.076-10.928-14.854-10.928-24.082s3.984-18.006 10.928-24.082l256-224c13.3-11.638 33.516-10.292 45.154 3.010 5.312 6.070 7.918 13.582 7.918 21.058z"
				],
				"attrs": [],
				"isMulticolor": false,
				"tags": [
					"ctrl",
					"control"
				],
				"grid": 16
			},
			"attrs": [],
			"properties": {
				"order": 4,
				"id": 494,
				"prevSize": 32,
				"code": 59651,
				"name": "ctrl-left"
			},
			"setIdx": 1,
			"setId": 0,
			"iconIdx": 339
		},
		{
			"icon": {
				"paths": [
					"M736.014 448c-8.908 0-17.77-3.698-24.096-10.928l-199.918-228.478-199.918 228.478c-11.636 13.3-31.856 14.65-45.154 3.010-13.3-11.638-14.648-31.854-3.010-45.154l224-256c6.076-6.944 14.854-10.928 24.082-10.928s18.006 3.984 24.082 10.928l224 256c11.638 13.3 10.292 33.516-3.010 45.154-6.070 5.312-13.582 7.918-21.058 7.918z"
				],
				"attrs": [],
				"isMulticolor": false,
				"tags": [
					"ctrl",
					"control"
				],
				"grid": 16
			},
			"attrs": [],
			"properties": {
				"order": 14,
				"id": 495,
				"prevSize": 32,
				"code": 59652,
				"name": "ctrl-top"
			},
			"setIdx": 1,
			"setId": 0,
			"iconIdx": 340
		}
	],
	"height": 1024,
	"preferences": {
		"showGlyphs": true,
		"showCodes": true,
		"showQuickUse": false,
		"showQuickUse2": true,
		"showSVGs": true,
		"fontPref": {
			"prefix": "icon-",
			"metadata": {
				"fontFamily": "tvcicon",
				"majorVersion": 1,
				"minorVersion": 0
			},
			"metrics": {
				"emSize": 1024,
				"baseline": 6.25,
				"whitespace": 50
			},
			"embed": false,
			"ie7": false,
			"noie8": true,
			"cssVars": true,
			"cssVarsFormat": "less",
			"showSelector": true,
			"selector": "i",
			"showMetrics": true,
			"showMetadata": true,
			"showVersion": true,
			"classSelector": ".icon"
		},
		"imagePref": {
			"prefix": "icon-",
			"png": true,
			"useClassSelector": true,
			"color": 0,
			"bgColor": 16777215,
			"classSelector": ".icon"
		},
		"historySize": 100,
		"gridSize": 16
	}
}